caption,name,sub_title,description,images,products_link
pipes,Pipes for Every Need,"High-Quality Pipes for Plumbing, Irrigation, and More","At Jonam Utilities, we offer a wide range of pipes to cater to various needs. From plumbing and irrigation to industrial applications, our pipes are designed to withstand pressure and last long.| Our pipe collection includes PVC, PPR, HDPE, and galvanized pipes, ensuring durability and resistance to corrosion. Whether you're looking for pipes for residential, commercial, or industrial use, we've got you covered. | We understand the importance of quality pipes in ensuring safe and efficient water supply, drainage, and gas transmission. That's why we source our pipes from reputable manufacturers to guarantee top-notch quality. | Our pipes are designed to meet specific standards and regulations, ensuring compliance with industry requirements. From standard pipes to specialized pipes for unique applications, our inventory has a wide range of options. | Whether you're a contractor, builder, or DIY enthusiast, our pipes are available in various sizes, materials, and fittings to suit your project needs. Our team is happy to assist you in finding the right pipes for your project. | At Jonam Utilities, we're committed to providing excellent customer service, competitive pricing, and high-quality products. Visit us today to explore our pipe collection and find the perfect fit for your needs.",pipe-category-thumbnail (1).webp (https://v5.airtableusercontent.com/v3/u/46/46/1761127200000/PeirPhVqAjhGvHjuiiqk4w/ePfLMfM8_JN8NgA1wwN38Xs7---JGZTTQqtl5RF2f5PFgdY_dMWH41BIb7U9sRRgPVpWda4upC2pNvB37HYCIj5tp9jpUXZWgJIBR9KKIKNE6FcXXKsdDwcCtdWuTJ6i64SmTyryMmqMuc9qDmTUfxWohcTrf3ttzPJxFzCohwoYmYlI1zDAci_E5PC97Ha9/VZ3hqIRW99koNky7Pt-1dKtX7JUmzhvYdt3FfH1AMOM),"12,13,14,15,16,17,18,19,20,21,22,23,24,25,26,27,28,29,30,31,32,33,34,35,36,37,38,39,40,41,42,43,44,46,47,48,49,50,51,52,53,54,55,56,57,58,89,90"
faucets,Faucets for Every Need,"High-Quality Faucets for Kitchen, Bathroom, and More","We offer a wide range of faucets designed to provide durability, functionality, and style for residential and commercial applications. | Our faucet collection includes kitchen faucets, bathroom faucets, and outdoor faucets, ensuring a perfect fit for any project or renovation. | From modern designs to classic styles, our faucets are designed to meet specific standards and regulations, ensuring compliance with industry requirements. | Whether you're a contractor, builder, or homeowner, our faucets are available in various finishes and configurations to suit your needs. | At Jonam Utilities, we're committed to providing excellent customer service, competitive pricing, and high-quality products, including faucets from reputable manufacturers. | Visit us today to explore our faucet collection and find the perfect fit for your project or home.",faucet-category-thumbnail (2).avif (https://v5.airtableusercontent.com/v3/u/46/46/1761127200000/V2ejN-BHUnDdEM00aFHzjw/0hgrPVP0cjfrZ0-hlL4t2lwQoKiyeoEQAMKZCrXJKATRhsIvNolYogasz3oJokcoy131whnyqCjHe9CbgUUtJ0ScbEEzuPWRIYpbW5zE3_rZv6lN4zMzol52dh2vAuacz-FmTiLi6Op_xVa_YdctWNzUxZu4hIMQ536imUcW82ZU3OQLP6i7nnAWTZLzBKjN/KCv4vJx_LZp5s8oSlGMzxJdWR4dvAgDw2dM0NPeEebc),"1,2,4,9,63,89,90,259,260,261,265,266,267,185,186,202,203,206,207,212,213,285"
pumps,Reliable Pumping Solutions,Reliable Pumps for Every Application,"Discover our range of submersible ,surface, electric and solar pumps designed for reliable water supply, irrigation, and drainage applications. | At Jonam Utilities, we offer a variety of electric pumps suitable for residential, commercial, and industrial use, ensuring efficient water distribution and pressure boosting. | Our solar pumps provide an eco-friendly alternative, harnessing solar energy to power water pumping for irrigation, livestock, and remote water supply systems. | Electric pumps are ideal for applications requiring high flow rates and pressure, while solar pumps offer a cost-effective and sustainable solution for areas with abundant sunlight. | Both electric and solar pumps are designed for durability and low maintenance, ensuring long-term performance and reliability. | Whether you're a farmer, contractor, or homeowner, our electric and solar pumps can meet your specific needs, providing efficient and reliable water management solutions. | By choosing Jonam Utilities, you can trust our expertise and quality products to deliver optimal performance and value for your investment.",pumps.jpeg (https://v5.airtableusercontent.com/v3/u/46/46/1761127200000/Se4oUUcR_CKCWTAEOWHfAw/aia9NltQ9dEW9Pq_Zo6iORcYSx3MDO65x0KMfxPwD0CuXww3ab98qebk9lo-mQL4yFPKXDQmWWy6Ppt-vSxoLCMwBi_Mjrk-BLeA-eRIBl3rHtZRqP9V3GEfh-qtvTVgoWVxc3nCKjnLEvTFWB11rKxyzhDLlTzFcFgU8gCW1zM/JXfGP5_kpTw2C_X_bdEKEkulOSbAQGNCODnxa0Wik34),"7,8"
Bathroom Fixtures,Essential Toilet Tools,Elegant Solutions for Modern Bathrooms,"Discover our comprehensive range of toilet tools and fixtures, designed to enhance functionality, comfort, and hygiene in your bathroom. | At Jonam Utilities, we offer high-quality water closets, shower cubicles, sinks, and other bathroom essentials to suit various tastes and requirements. | Our products are designed with durability, style, and water efficiency in mind, ensuring a perfect blend of form and function. | From modern designs to classic styles, our toilet tools and fixtures cater to diverse bathroom layouts and decor. | Whether you're renovating your bathroom or building a new home, our expert team can guide you in selecting the perfect fixtures. | Our commitment to quality and customer satisfaction ensures that our products meet the highest standards. | Visit us today to explore our range of toilet tools and fixtures, and experience the difference in quality and service.",bathroom.jpeg (https://v5.airtableusercontent.com/v3/u/46/46/1761127200000/BLGbKdQM5wtL-GqfJWcBTw/10702sRsMgCVIZrRlJ4ssF-qfJZgegLK5Y_H3jj9Xz6djJbbVNlkPy2m4PmxO1r-G40Wu-MiV8DfhwVILbi_JyJirizGzVx_PsHSi9pshACkV1P3EuTR4UmU_JOaaBvRX4HAc4rsCm9ij9Py3yjSrs2efBsog3QZWreMi07FFaA/y0GzAmZ_8JZWcKe_gYL6LueII6QrMfRT7s5JxBGowQk),"5,6,115,116,117,118,119,120,87,3,256,257,258,262,263,264,268,269,270,271,272,273,274,286"
mirrors,Reflect your style,Elevate your space with our stunning mirror collection.,"Mirrors are not just functional pieces, but also decorative elements that can elevate the style and ambiance of any room. | Our mirror collection offers a wide range of shapes, sizes, and styles to suit your unique taste and decor. | From sleek and modern to ornate and traditional, our mirrors are designed to complement any interior design. | Whether you're looking to add a touch of elegance to your bedroom, living room, or bathroom, we have the perfect mirror for you. | Our mirrors are crafted with high-quality materials and precision engineering to ensure a flawless reflection every time. | With our mirrors, you can create the illusion of a larger space, add depth and dimension, or simply enjoy a beautiful piece of art. | Browse our collection today and discover the perfect mirror to reflect your personal style.",mirror-category.webp (https://v5.airtableusercontent.com/v3/u/46/46/1761127200000/z70MqzIDzZMs3-d3MLTS-g/C-EUKhgYs3ztqectdwmtKzu2F-WvruIynHEB_PhvZjavWhVoFxtjuvkF_EGNq9K7XYSVWYzQDOrxbmIHh44wAuvJr3SjZX2rS61zRd23Qi5n1oEE_r6AYUmw_B1FDSmTmcNsqW7WgZIeE0AiGZyQ6J4fK9or68dnR0T5YMp1J0o/8PMOMlKqeStoWV7ecmiohv19kDJjZOhDK4tBHt-ZJEM),
P.V.C Fittings,Neccessary Fittings for walls,Essential Connectors for Efficient Plumbing Systems,"Ensure smooth water flow, proper alignment, and secure connections in both residential and commercial plumbing systems.",fittings.jpeg (https://v5.airtableusercontent.com/v3/u/46/46/1761127200000/DEwN91Pkk7BTXDVYdl1CuA/S36omLFLasZVvjfD-HjURh5CZc43bYeBQpOhBr4v7uT1-13dXX8A9peFYzSGP__wMDEvWYplhkUoR-6W9N7M1j-F_oorLsBx2MOZwsYa_yspKnYWYOhaMz88Ko3pLVi6Hkk4ozJZkrPoAo1gREQ1E9CNSxIw3WRzIAsZYnYz1jM/5LvYfWTMXV9bUbc0FDvOkFeeaJ3cYnERE6YhnE86St4),"59,60,61,62,64,65,66,67,68,69,70,71,72,73,74,75,76,77,78,79,80,81,82,83,84,85,86,91,92,93,94,95,98,99,100,101,102,96,97"
Gums,Super Effective Adhesives,Reliable Adhesives for Lasting Plumbing Seals," Gums prevent leaks, enhance durability, and ensure watertight connections in both new installations and repairs.",gums2.png (https://v5.airtableusercontent.com/v3/u/46/46/1761127200000/Xcm5ML8SsQcQJhyi-VJNmg/OerPp4cNYaHg1GSPfWXmf9IiKnzmw-15h_7A9j4QU93HGmB6_irYM4azYayvgsdqZYmflJAlII5FuYtXbShX5RU2wlwHee5Oqf4i-zJF_PyTDJekDZ8WGfwNwEA9gyajzYAepFrjUrjAMymsnJLy5A/rFDgOElqF_OQmld1GTYrqLthCZ_XmhoM-qrorNWi7-I),"121,122,123,124,125,126,127,45"
P.P.R Product,Go Pro With Enhanced Fittings,Reliable & Durable Solutions for Modern Piping Systems,"P.P.R products are engineered for durability, hygiene, and high performance in both hot and cold water systems. Made from premium Polypropylene Random Copolymer, they resist corrosion, scaling, and chemical reactions, ensuring clean and safe water flow.",ppr.jpeg (https://v5.airtableusercontent.com/v3/u/46/46/1761127200000/oSZDpTJSiA1qHIFAxtLufg/2SFBWydH5HCzRXfFjCHEqTwb7P61strObXg_SeDAAWMP5QqMA2c6FZPkgg3TN6x2lRXXloSAFGChKwulIiX17zQZ60M2varQLBbHpNkiI8mdIPEPi-NGaWRlB7PMmRmBiISnt-BjqArC_5WJ2NlPtQ/0gmMPL_c8zECBsmXrBmaX4UKylDj_2rEsBAAQhmqIkU),"214,215,216,217,218,219,220,221,222,223,224,225,226,227,228,229,230,231,232,233,234,235,236,237,238,239,240,241,242,243,244,245,246,247,248,249,250,251,252,253,254,255,287"
Water Tanks,Quality tanks in all sizes,Durable Tanks for Safe Water Storage,"These water tanks are built to securely store water from boreholes, wells, rain, or other sources, providing a dependable supply for homes, businesses, and industries.",nks.jpg (https://v5.airtableusercontent.com/v3/u/46/46/1761127200000/-o4AkHbcOmKNSUbD9JFy8Q/Bp504bLHoSbALx99RF_zCmq9IMLMJcAEO5TdyLAfgDN3JHE9h7bp55Mp5eOgadEEVgg403wYH4SUsDtSpZqrjDoL7zCo5gRxl5JppSBE9SzinyfGWxUUwrz2ofEwLPJqg01XELNCodHj2qaAPDNaCQ/1N6Aom9yxOAHdnubdO43GADErF8vcj4tY9N1OOEnOSQ),"132,134,135,136,137,138,139,140,141,142,143,144,145,146,147,148,149,150,151,152,153,154,155,156,157,158,160,161,162,163,164,165,128,129,130,131,159"
Kitchen Equipments,Kitchen Utilities,Essential Tools for Every Modern Kitchen,"Kitchen utilities are essential tools designed to enhance efficiency, convenience, and comfort in everyday cooking and cleaning tasks.",kit.jpg (https://v5.airtableusercontent.com/v3/u/46/46/1761127200000/jezFGdbpPLFqF7avnWakdA/ZbHB2qX9qkYzCsIT3StvbfIp0UXVlxKKmjUcSiaAwwnY0gySH7GK5d4l-fYqDnpH5917xlQWVSJ-jKe8VWAubZOqs6M6Fyh7fteCxaHsJ_kW41DYgUVkgzJdE4cbPyoCTSCDFc7fccFSOSv3N3icfQ/wvJcvUK12XAiFpk0pCyssVt27gxnyMLrw85CR12O0sA),288